Breakfast Suggestion,Count
Smoothie with protein powder,210
Oatmeal with berries and nuts,185
Scrambled eggs with whole wheat toast,144
Tofu scramble with veggies,142
Greek yogurt with granola and fruit,129
Fruit and yogurt parfait,118
Oatmeal with berries,106
Egg and spinach wrap,105
Vegan pancakes with syrup,102
Tofu scramble with vegetables,43
Oatmeal with fruit and nuts,38
Greek yogurt with fruit and granola,32
Greek yogurt with berries and granola,30
Tofu scramble with vegetables and whole-wheat toast,19
Scrambled eggs with whole-wheat toast and avocado,17
Scrambled eggs with whole-wheat toast,17
Oatmeal with protein powder and fruit,15
Tofu and vegetable stir-fry with brown rice,9
Tofu and vegetable breakfast burrito,9
Tofu scramble with whole-wheat toast and avocado,8
Scrambled eggs with whole wheat toast and avocado,8
Tofu scramble with whole-wheat toast,8
Tofu and vegetable stir-fry,7
Overnight oats with fruit and nuts,7
Tofu scramble with vegetables and whole wheat toast,7
Overnight oats with fruit and chia seeds,7
Overnight oats with chia seeds and fruit,7
Yogurt with fruit and granola,6
Oatmeal with protein powder and berries,5
Tofu scramble with whole grain toast and avocado,5
Eggs with whole wheat toast and avocado,5
Tofu scramble with whole wheat toast and fruit,4
Eggs with whole-wheat toast,4
Eggs with whole-wheat toast and bacon,4
Greek Yogurt with Berries and Nuts,3
Tofu scramble with avocado and whole-wheat toast,3
Tofu Scramble with Whole Wheat Toast,3
Yogurt with granola and fruit,3
Tofu scramble with whole wheat toast,3
Overnight oats with berries and chia seeds,3
Tofu scramble with vegetables and avocado toast,3
Tofu and veggie breakfast burrito,3
Pancakes with fruit and syrup,3
Tofu scramble with vegetables and avocado,3
Scrambled eggs with whole wheat toast and fruit,3
Tofu scramble with spinach and avocado,3
Yogurt with berries and granola,2
Tofu scramble with whole wheat toast and avocado,2
Oatmeal with plant-based milk and fruit,2
Protein pancakes with fruit,2
Tofu scramble with vegan toast and avocado,2
Yogurt parfait with granola and fruit,2
Greek yogurt with granola,2
Wholegrain toast with avocado,2
Tofu and vegetable scramble with whole-wheat toast,2
Oatmeal with berries and flax seeds,2
Greek yogurt with granola and berries,2
Tofu and vegetable scramble,2
Oatmeal with protein powder,2
Eggs with whole wheat toast and fruit,2
Protein smoothie with fruit and spinach,2
Oatmeal with Protein Powder and Berries,2
Eggs with whole-wheat toast and avocado,2
Tofu and vegetable scramble with whole wheat toast,2
Tofu breakfast burrito,2
Tofu scramble with veggies and whole-wheat toast,2
Protein pancakes with fruit and syrup,2
Tofu scramble with veggies and avocado toast,2
Scrambled eggs with whole-wheat toast and fruit,2
Scrambled eggs with whole grain toast,2
Tofu omelet with spinach,2
Tofu scramble with spinach and mushrooms,1
Eggs with whole wheat toast,1
Fruit salad with yogurt,1
Scrambled eggs with whole wheat toast and spinach,1
Whole-wheat toast with egg and avocado,1
Pancakes with fruit and nuts,1
Tofu and vegetable stir-fry with quinoa,1
Eggs with Whole Wheat Toast and Avocado,1
Quinoa breakfast bowl with berries and nuts,1
Breakfast burrito with beans and veggies,1
Eggs with whole-wheat toast and fruit,1
Quinoa porridge with berries,1
Tofu breakfast burrito with avocado,1
Tofu Scramble with Avocado Toast,1
Tofu scramble with avocado toast,1
Eggs with whole grain toast,1
Tofu scramble with whole-wheat toast and vegetables,1
Scrambled eggs with whole wheat toast and smoked salmon,1
Tofu breakfast burrito with whole-wheat tortilla,1
Protein pancakes with fruit and nuts,1
Tofu and chickpea scramble,1
Eggs with wholegrain toast,1
Oatmeal with berries and plant-based milk,1
Scrambled eggs with avocado and whole-wheat toast,1
Tofu scramble with spinach and avocado toast,1
Quinoa porridge with fruit and nuts,1
Scrambled eggs with bacon and whole-wheat toast,1
Scrambled eggs with vegetables and whole-wheat toast,1
Greek yogurt with berries and nuts,1
Greek yogurt with berries and almonds,1
Scrambled tofu with whole-wheat toast and avocado,1
Greek Yogurt with berries and granola,1
Greek yogurt with protein powder and fruit,1
Scrambled tofu with spinach and tomato,1
Tofu and vegetable scramble with avocado toast,1
Vegan overnight oats with berries,1
Scrambled eggs with spinach and whole wheat toast,1
Vegan overnight oats with chia seeds and berries,1
3 eggs with whole-wheat toast and avocado,1
Quinoa porridge with berries and nuts,1
Overnight oats with berries and nuts,1
Vegan breakfast burrito with tofu and vegetables,1
Tofu scramble with avocado and whole wheat toast,1
Breakfast burrito with eggs and vegetables,1
Smoothie with fruit and protein powder,1
Tofu and vegetable scramble with wholegrain toast,1
Eggs with wholegrain toast and avocado,1
Breakfast burrito with beans and vegetables,1
Oatmeal with protein powder and banana,1
1 cup oatmeal with berries and nuts,1
